{
  "GetMetrics_API_250RPS" : {
    "transaction" : "GetMetrics_API_250RPS",
    "sampleCount" : 500,
    "errorCount" : 0,
    "errorPct" : 0.0,
    "meanResTime" : 543.8140000000004,
    "medianResTime" : 560.5,
    "minResTime" : 10.0,
    "maxResTime" : 1357.0,
    "pct1ResTime" : 931.4000000000002,
    "pct2ResTime" : 1022.3499999999999,
    "pct3ResTime" : 1194.8100000000002,
    "throughput" : 10.863425020640507,
    "receivedKBytesPerSec" : 35.07273742015382,
    "sentKBytesPerSec" : 3.9146521802894014
  },
  "GetMetrics_API_500RPS" : {
    "transaction" : "GetMetrics_API_500RPS",
    "sampleCount" : 1000,
    "errorCount" : 0,
    "errorPct" : 0.0,
    "meanResTime" : 2614.3619999999996,
    "medianResTime" : 2765.0,
    "minResTime" : 16.0,
    "maxResTime" : 4671.0,
    "pct1ResTime" : 3883.0,
    "pct2ResTime" : 3993.0,
    "pct3ResTime" : 4397.99,
    "throughput" : 9.896972516107322,
    "receivedKBytesPerSec" : 31.952530408448055,
    "sentKBytesPerSec" : 3.5663895101988303
  },
  "Login_API_250RPS" : {
    "transaction" : "Login_API_250RPS",
    "sampleCount" : 500,
    "errorCount" : 0,
    "errorPct" : 0.0,
    "meanResTime" : 678.6580000000001,
    "medianResTime" : 689.5,
    "minResTime" : 85.0,
    "maxResTime" : 1469.0,
    "pct1ResTime" : 1089.3000000000006,
    "pct2ResTime" : 1212.0,
    "pct3ResTime" : 1370.95,
    "throughput" : 10.84104854621539,
    "receivedKBytesPerSec" : 13.540723721298324,
    "sentKBytesPerSec" : 2.636153406257453
  },
  "Login_API_500RPS" : {
    "transaction" : "Login_API_500RPS",
    "sampleCount" : 1000,
    "errorCount" : 0,
    "errorPct" : 0.0,
    "meanResTime" : 2671.644999999997,
    "medianResTime" : 2856.5,
    "minResTime" : 103.0,
    "maxResTime" : 4586.0,
    "pct1ResTime" : 3832.8,
    "pct2ResTime" : 4062.7,
    "pct3ResTime" : 4407.76,
    "throughput" : 9.891979582954141,
    "receivedKBytesPerSec" : 12.355314342381197,
    "sentKBytesPerSec" : 2.4053739415581847
  },
  "GetAppointments_API_250RPS" : {
    "transaction" : "GetAppointments_API_250RPS",
    "sampleCount" : 500,
    "errorCount" : 0,
    "errorPct" : 0.0,
    "meanResTime" : 516.1840000000004,
    "medianResTime" : 532.0,
    "minResTime" : 11.0,
    "maxResTime" : 1262.0,
    "pct1ResTime" : 880.0000000000003,
    "pct2ResTime" : 1008.8499999999997,
    "pct3ResTime" : 1167.7000000000003,
    "throughput" : 10.863188997762183,
    "receivedKBytesPerSec" : 18.671106089903752,
    "sentKBytesPerSec" : 3.967610044104547
  },
  "GetAppointments_API_50RPS" : {
    "transaction" : "GetAppointments_API_50RPS",
    "sampleCount" : 100,
    "errorCount" : 0,
    "errorPct" : 0.0,
    "meanResTime" : 12.469999999999999,
    "medianResTime" : 12.0,
    "minResTime" : 11.0,
    "maxResTime" : 17.0,
    "pct1ResTime" : 14.0,
    "pct2ResTime" : 15.0,
    "pct3ResTime" : 16.989999999999995,
    "throughput" : 5.2856916327501455,
    "receivedKBytesPerSec" : 9.084782493789312,
    "sentKBytesPerSec" : 1.930516279930229
  },
  "GetAppointments_API_100RPS" : {
    "transaction" : "GetAppointments_API_100RPS",
    "sampleCount" : 200,
    "errorCount" : 0,
    "errorPct" : 0.0,
    "meanResTime" : 26.689999999999994,
    "medianResTime" : 14.0,
    "minResTime" : 10.0,
    "maxResTime" : 100.0,
    "pct1ResTime" : 87.9,
    "pct2ResTime" : 90.0,
    "pct3ResTime" : 94.97000000000003,
    "throughput" : 9.876543209876543,
    "receivedKBytesPerSec" : 16.97530864197531,
    "sentKBytesPerSec" : 3.607253086419753
  },
  "Login_API_50RPS" : {
    "transaction" : "Login_API_50RPS",
    "sampleCount" : 100,
    "errorCount" : 0,
    "errorPct" : 0.0,
    "meanResTime" : 87.22,
    "medianResTime" : 84.0,
    "minResTime" : 81.0,
    "maxResTime" : 161.0,
    "pct1ResTime" : 94.0,
    "pct2ResTime" : 97.84999999999997,
    "pct3ResTime" : 160.72999999999985,
    "throughput" : 5.23642456930408,
    "receivedKBytesPerSec" : 6.540417015761638,
    "sentKBytesPerSec" : 1.2733102712467925
  },
  "Total" : {
    "transaction" : "Total",
    "sampleCount" : 5400,
    "errorCount" : 0,
    "errorPct" : 0.0,
    "meanResTime" : 1563.7425925925882,
    "medianResTime" : 1175.0,
    "minResTime" : 10.0,
    "maxResTime" : 4671.0,
    "pct1ResTime" : 3456.5000000000027,
    "pct2ResTime" : 3780.0,
    "pct3ResTime" : 4140.0,
    "throughput" : 5.258944588253855,
    "receivedKBytesPerSec" : 10.861980277496977,
    "sentKBytesPerSec" : 1.6982008566236408
  },
  "GetMetrics_API_50RPS" : {
    "transaction" : "GetMetrics_API_50RPS",
    "sampleCount" : 100,
    "errorCount" : 0,
    "errorPct" : 0.0,
    "meanResTime" : 12.720000000000004,
    "medianResTime" : 13.0,
    "minResTime" : 10.0,
    "maxResTime" : 22.0,
    "pct1ResTime" : 14.0,
    "pct2ResTime" : 15.0,
    "pct3ResTime" : 21.93999999999997,
    "throughput" : 5.2856916327501455,
    "receivedKBytesPerSec" : 17.064938025265604,
    "sentKBytesPerSec" : 1.904707238754691
  },
  "GetMetrics_API_100RPS" : {
    "transaction" : "GetMetrics_API_100RPS",
    "sampleCount" : 200,
    "errorCount" : 0,
    "errorPct" : 0.0,
    "meanResTime" : 32.714999999999996,
    "medianResTime" : 15.0,
    "minResTime" : 10.0,
    "maxResTime" : 100.0,
    "pct1ResTime" : 90.0,
    "pct2ResTime" : 92.0,
    "pct3ResTime" : 97.97000000000003,
    "throughput" : 9.87751876728566,
    "receivedKBytesPerSec" : 31.889723676412483,
    "sentKBytesPerSec" : 3.5593793214144607
  },
  "GetAppointments_API_500RPS" : {
    "transaction" : "GetAppointments_API_500RPS",
    "sampleCount" : 1000,
    "errorCount" : 0,
    "errorPct" : 0.0,
    "meanResTime" : 2245.8230000000035,
    "medianResTime" : 2362.0,
    "minResTime" : 17.0,
    "maxResTime" : 4233.0,
    "pct1ResTime" : 3312.6,
    "pct2ResTime" : 3518.85,
    "pct3ResTime" : 3769.98,
    "throughput" : 9.897462290668672,
    "receivedKBytesPerSec" : 17.01126331208678,
    "sentKBytesPerSec" : 3.614893453818441
  },
  "Login_API_100RPS" : {
    "transaction" : "Login_API_100RPS",
    "sampleCount" : 200,
    "errorCount" : 0,
    "errorPct" : 0.0,
    "meanResTime" : 99.64999999999993,
    "medianResTime" : 87.5,
    "minResTime" : 80.0,
    "maxResTime" : 174.0,
    "pct1ResTime" : 162.0,
    "pct2ResTime" : 165.0,
    "pct3ResTime" : 171.98000000000002,
    "throughput" : 9.83284169124877,
    "receivedKBytesPerSec" : 12.281449729596854,
    "sentKBytesPerSec" : 2.3909937315634218
  }
}